timestamp,rtt(ms),success
2026-07-14 01:32:23.919402,7.5,1
2026-07-14 01:32:23.923491,0.952,1
2026-07-14 01:32:23.926102,0.768,1
2026-07-14 01:32:23.928563,0.897,1
2026-07-14 01:32:23.931195,0.847,1
2026-07-14 01:32:23.933588,0.852,1
2026-07-14 01:32:23.936183,0.827,1
2026-07-14 01:32:23.938625,0.819,1
2026-07-14 01:32:23.941060,0.878,1
2026-07-14 01:32:23.943545,0.812,1
2026-07-14 01:32:23.946270,0.785,1
2026-07-14 01:32:23.948823,0.883,1
2026-07-14 01:32:23.951324,0.861,1
2026-07-14 01:32:23.954467,1.32,1
2026-07-14 01:32:23.957516,1.27,1
2026-07-14 01:32:23.960165,0.819,1
2026-07-14 01:32:23.963230,1.18,1
2026-07-14 01:32:23.965754,0.82,1
2026-07-14 01:32:23.968465,0.889,1
2026-07-14 01:32:23.971175,0.811,1
2026-07-14 01:32:23.973783,0.795,1
2026-07-14 01:32:23.977054,1.56,1
2026-07-14 01:32:23.979719,0.876,1
2026-07-14 01:32:23.982220,0.849,1
2026-07-14 01:32:23.984756,0.904,1
2026-07-14 01:32:23.987481,0.81,1
2026-07-14 01:32:23.990440,0.792,1
2026-07-14 01:32:23.992954,0.831,1
2026-07-14 01:32:23.996020,1.45,1
2026-07-14 01:32:23.998544,0.811,1
2026-07-14 01:32:24.001020,0.791,1
2026-07-14 01:32:24.003500,0.804,1
2026-07-14 01:32:24.008825,3.55,1
2026-07-14 01:32:24.011408,0.768,1
2026-07-14 01:32:24.013828,0.88,1
2026-07-14 01:32:24.016183,0.832,1
2026-07-14 01:32:24.018729,0.805,1
2026-07-14 01:32:24.021372,0.813,1
2026-07-14 01:32:24.023945,0.781,1
2026-07-14 01:32:24.026518,0.848,1
2026-07-14 01:32:24.028798,0.804,1
2026-07-14 01:32:24.031051,0.796,1
2026-07-14 01:32:24.033443,0.857,1
2026-07-14 01:32:24.036108,0.821,1
2026-07-14 01:32:24.038983,1.21,1
2026-07-14 01:32:24.042150,1.25,1
2026-07-14 01:32:24.045118,0.871,1
2026-07-14 01:32:24.047768,0.909,1
2026-07-14 01:32:24.050620,1.28,1
2026-07-14 01:32:24.053249,0.827,1
2026-07-14 01:32:24.055840,0.796,1
2026-07-14 01:32:24.058604,0.84,1
2026-07-14 01:32:24.061410,1.08,1
2026-07-14 01:32:24.064953,1.69,1
2026-07-14 01:32:24.067843,1.12,1
2026-07-14 01:32:24.075984,6.2,1
2026-07-14 01:32:24.086310,8.34,1
2026-07-14 01:32:24.089256,1.09,1
2026-07-14 01:32:24.091880,0.869,1
2026-07-14 01:32:24.096386,2.64,1
2026-07-14 01:32:24.099045,0.97,1
2026-07-14 01:32:24.102781,1.67,1
2026-07-14 01:32:24.107286,2.23,1
2026-07-14 01:32:24.110029,0.992,1
2026-07-14 01:32:24.113522,1.77,1
2026-07-14 01:32:24.118965,3.42,1
2026-07-14 01:32:24.124327,3.3,1
2026-07-14 01:32:24.128934,2.81,1
2026-07-14 01:32:24.131482,0.885,1
2026-07-14 01:32:24.134389,1.34,1
2026-07-14 01:32:24.137164,1.11,1
2026-07-14 01:32:24.140027,0.91,1
2026-07-14 01:32:24.142591,0.895,1
2026-07-14 01:32:24.146545,2.17,1
2026-07-14 01:32:24.149621,1.16,1
2026-07-14 01:32:24.152519,0.798,1
2026-07-14 01:32:24.154942,0.801,1
2026-07-14 01:32:24.157472,0.817,1
2026-07-14 01:32:24.159994,0.868,1
2026-07-14 01:32:24.162643,0.839,1
2026-07-14 01:32:24.165422,1.22,1
2026-07-14 01:32:24.167773,0.842,1
2026-07-14 01:32:24.170335,0.903,1
2026-07-14 01:32:24.173011,0.811,1
2026-07-14 01:32:24.175621,0.915,1
2026-07-14 01:32:24.178177,0.897,1
2026-07-14 01:32:24.181187,1.29,1
2026-07-14 01:32:24.184036,1.14,1
2026-07-14 01:32:24.186665,0.878,1
2026-07-14 01:32:24.189227,0.836,1
2026-07-14 01:32:24.191991,0.846,1
2026-07-14 01:32:24.194847,0.909,1
2026-07-14 01:32:24.197445,0.821,1
2026-07-14 01:32:24.200036,0.817,1
2026-07-14 01:32:24.204150,2.13,1
2026-07-14 01:32:24.207655,1.48,1
2026-07-14 01:32:24.211627,2.23,1
2026-07-14 01:32:24.216280,2.84,1
2026-07-14 01:32:24.219425,1.4,1
2026-07-14 01:32:24.222160,1.03,1
2026-07-14 01:32:24.226046,1.92,1
2026-07-14 01:32:24.228788,0.996,1
2026-07-14 01:32:24.231414,0.911,1
2026-07-14 01:32:24.233896,0.904,1
2026-07-14 01:32:24.236803,1.06,1
2026-07-14 01:32:24.239856,1.26,1
2026-07-14 01:32:24.242457,0.73,1
2026-07-14 01:32:24.245160,0.984,1
2026-07-14 01:32:24.248219,1.39,1
2026-07-14 01:32:24.250809,0.813,1
2026-07-14 01:32:24.253520,0.908,1
2026-07-14 01:32:24.256275,0.973,1
2026-07-14 01:32:24.258849,0.887,1
2026-07-14 01:32:24.261542,0.824,1
2026-07-14 01:32:24.264078,0.866,1
2026-07-14 01:32:24.266933,1.09,1
2026-07-14 01:32:24.270017,1.35,1
2026-07-14 01:32:24.272490,0.813,1
2026-07-14 01:32:24.275106,0.823,1
2026-07-14 01:32:24.278104,1.17,1
2026-07-14 01:32:24.281513,1.5,1
2026-07-14 01:32:24.284199,1.0,1
2026-07-14 01:32:24.286684,0.817,1
2026-07-14 01:32:24.290424,1.97,1
2026-07-14 01:32:24.293124,0.957,1
2026-07-14 01:32:24.295688,0.811,1
2026-07-14 01:32:24.298084,0.808,1
2026-07-14 01:32:24.300404,0.84,1
2026-07-14 01:32:24.302999,0.816,1
2026-07-14 01:32:24.305483,0.801,1
2026-07-14 01:32:24.309620,2.44,1
2026-07-14 01:32:24.312335,0.958,1
2026-07-14 01:32:24.314954,0.838,1
2026-07-14 01:32:24.317609,0.861,1
2026-07-14 01:32:24.320671,1.33,1
2026-07-14 01:32:24.324695,1.86,1
2026-07-14 01:32:24.328826,2.06,1
2026-07-14 01:32:24.332244,1.57,1
2026-07-14 01:32:24.336043,1.69,1
2026-07-14 01:32:24.341531,3.27,1
2026-07-14 01:32:24.346505,3.19,1
2026-07-14 01:32:24.358813,10.6,1
2026-07-14 01:32:24.362364,1.62,1
2026-07-14 01:32:24.365435,1.33,1
2026-07-14 01:32:24.368393,1.26,1
2026-07-14 01:32:24.371362,1.36,1
2026-07-14 01:32:24.374506,1.17,1
2026-07-14 01:32:24.377199,0.933,1
2026-07-14 01:32:24.381653,2.23,1
2026-07-14 01:32:24.384472,0.983,1
2026-07-14 01:32:24.387729,1.45,1
2026-07-14 01:32:24.390755,1.08,1
2026-07-14 01:32:24.394017,1.44,1
2026-07-14 01:32:24.396922,0.807,1
2026-07-14 01:32:24.399556,1.14,1
2026-07-14 01:32:24.402282,0.904,1
2026-07-14 01:32:24.406401,2.28,1
2026-07-14 01:32:24.409515,1.18,1
2026-07-14 01:32:24.412941,1.72,1
2026-07-14 01:32:24.417613,2.32,1
2026-07-14 01:32:24.420421,1.1,1
2026-07-14 01:32:24.423928,1.65,1
2026-07-14 01:32:24.426625,0.994,1
2026-07-14 01:32:24.429427,1.04,1
2026-07-14 01:32:24.432349,1.02,1
2026-07-14 01:32:24.436438,1.99,1
2026-07-14 01:32:24.439434,0.893,1
2026-07-14 01:32:24.442762,1.63,1
2026-07-14 01:32:24.445635,0.77,1
2026-07-14 01:32:24.449694,2.06,1
2026-07-14 01:32:24.452898,1.31,1
2026-07-14 01:32:24.456072,0.827,1
2026-07-14 01:32:24.458673,0.836,1
2026-07-14 01:32:24.461173,0.828,1
2026-07-14 01:32:24.463763,0.791,1
2026-07-14 01:32:24.467568,1.88,1
2026-07-14 01:32:24.471222,1.58,1
2026-07-14 01:32:24.474431,1.51,1
2026-07-14 01:32:24.476969,0.803,1
2026-07-14 01:32:24.479470,0.914,1
2026-07-14 01:32:24.482098,0.841,1
2026-07-14 01:32:24.484722,0.84,1
2026-07-14 01:32:24.488428,1.57,1
2026-07-14 01:32:24.491359,0.867,1
2026-07-14 01:32:24.494042,0.928,1
2026-07-14 01:32:24.496514,0.759,1
2026-07-14 01:32:24.499468,1.11,1
2026-07-14 01:32:24.501984,0.831,1
2026-07-14 01:32:24.506159,2.37,1
2026-07-14 01:32:24.509309,1.31,1
2026-07-14 01:32:24.512116,0.785,1
2026-07-14 01:32:24.515151,1.17,1
2026-07-14 01:32:24.518579,1.67,1
2026-07-14 01:32:24.522286,1.69,1
2026-07-14 01:32:24.525038,0.82,1
2026-07-14 01:32:24.527931,1.16,1
2026-07-14 01:32:24.531199,1.01,1
2026-07-14 01:32:24.533775,0.817,1
2026-07-14 01:32:24.536902,1.43,1
2026-07-14 01:32:24.540034,0.913,1
2026-07-14 01:32:24.542533,0.905,1
2026-07-14 01:32:24.545617,1.49,1
2026-07-14 01:32:24.548269,0.862,1
2026-07-14 01:32:24.551307,1.24,1
2026-07-14 01:32:24.555742,2.17,1
2026-07-14 01:32:24.558465,0.912,1
2026-07-14 01:32:24.561529,1.35,1
2026-07-14 01:32:24.564237,0.843,1
2026-07-14 01:32:24.566668,0.809,1
2026-07-14 01:32:24.569791,1.36,1
2026-07-14 01:32:24.573064,1.14,1
2026-07-14 01:32:24.575644,0.826,1
2026-07-14 01:32:24.578303,1.01,1
2026-07-14 01:32:24.581705,1.55,1
2026-07-14 01:32:24.584629,0.942,1
2026-07-14 01:32:24.587437,1.03,1
2026-07-14 01:32:24.591210,1.88,1
2026-07-14 01:32:24.594628,1.59,1
2026-07-14 01:32:24.597314,0.901,1
2026-07-14 01:32:24.599796,0.948,1
2026-07-14 01:32:24.602548,0.988,1
2026-07-14 01:32:24.605267,1.0,1
2026-07-14 01:32:24.607897,0.814,1
2026-07-14 01:32:24.610480,0.826,1
2026-07-14 01:32:24.613622,1.31,1
2026-07-14 01:32:24.616720,1.35,1
2026-07-14 01:32:24.619390,0.845,1
2026-07-14 01:32:24.622221,1.14,1
2026-07-14 01:32:24.624840,0.809,1
2026-07-14 01:32:24.628601,1.62,1
2026-07-14 01:32:24.631960,1.21,1
2026-07-14 01:32:24.634518,0.796,1
2026-07-14 01:32:24.637118,0.831,1
2026-07-14 01:32:24.639809,0.815,1
2026-07-14 01:32:24.642523,1.09,1
2026-07-14 01:32:24.645139,0.809,1
2026-07-14 01:32:24.647555,0.839,1
2026-07-14 01:32:24.650420,0.793,1
2026-07-14 01:32:24.652900,0.738,1
2026-07-14 01:32:24.655525,0.828,1
2026-07-14 01:32:24.658562,1.47,1
2026-07-14 01:32:24.661335,0.966,1
2026-07-14 01:32:24.665439,2.26,1
2026-07-14 01:32:24.668614,0.972,1
2026-07-14 01:32:24.671409,0.837,1
2026-07-14 01:32:24.674158,0.834,1
2026-07-14 01:32:24.676654,0.808,1
2026-07-14 01:32:24.679208,0.86,1
2026-07-14 01:32:24.681801,0.888,1
2026-07-14 01:32:24.684578,0.978,1
2026-07-14 01:32:24.687078,0.836,1
2026-07-14 01:32:24.689694,0.787,1
2026-07-14 01:32:24.692211,0.897,1
2026-07-14 01:32:24.694897,1.12,1
2026-07-14 01:32:24.697657,0.916,1
2026-07-14 01:32:24.701228,1.92,1
2026-07-14 01:32:24.704119,1.32,1
2026-07-14 01:32:24.707684,0.868,1
2026-07-14 01:32:24.710699,1.35,1
2026-07-14 01:32:24.713416,0.845,1
2026-07-14 01:32:24.716470,1.39,1
2026-07-14 01:32:24.719058,0.873,1
2026-07-14 01:32:24.721794,1.02,1
2026-07-14 01:32:24.724217,0.851,1
2026-07-14 01:32:24.726791,0.823,1
2026-07-14 01:32:24.729489,0.877,1
2026-07-14 01:32:24.732067,0.843,1
2026-07-14 01:32:24.734745,0.859,1
2026-07-14 01:32:24.737511,0.93,1
2026-07-14 01:32:24.740774,1.38,1
2026-07-14 01:32:24.743449,0.852,1
2026-07-14 01:32:24.745962,0.872,1
2026-07-14 01:32:24.749870,1.91,1
2026-07-14 01:32:24.752775,0.888,1
2026-07-14 01:32:24.755426,0.778,1
2026-07-14 01:32:24.757999,0.835,1
2026-07-14 01:32:24.760969,1.17,1
2026-07-14 01:32:24.763681,0.936,1
2026-07-14 01:32:24.766241,0.834,1
2026-07-14 01:32:24.768803,0.849,1
2026-07-14 01:32:24.771434,0.747,1
2026-07-14 01:32:24.774001,0.821,1
2026-07-14 01:32:24.776433,0.803,1
2026-07-14 01:32:24.779152,1.05,1
2026-07-14 01:32:24.781796,0.837,1
2026-07-14 01:32:24.784439,0.814,1
2026-07-14 01:32:24.786933,0.837,1
2026-07-14 01:32:24.789466,0.917,1
2026-07-14 01:32:24.792222,0.881,1
2026-07-14 01:32:24.795442,1.37,1
2026-07-14 01:32:24.798385,1.11,1
2026-07-14 01:32:24.801518,0.86,1
2026-07-14 01:32:24.804376,1.02,1
2026-07-14 01:32:24.806903,0.836,1
2026-07-14 01:32:24.809182,0.817,1
2026-07-14 01:32:24.813010,2.26,1
2026-07-14 01:32:24.816281,1.44,1
2026-07-14 01:32:24.819297,0.847,1
2026-07-14 01:32:24.821889,0.919,1
2026-07-14 01:32:24.824647,0.86,1
2026-07-14 01:32:24.827132,0.851,1
2026-07-14 01:32:24.829883,0.902,1
2026-07-14 01:32:24.832470,0.73,1
2026-07-14 01:32:24.834842,0.807,1
2026-07-14 01:32:24.837570,1.02,1
2026-07-14 01:32:24.840241,0.862,1
2026-07-14 01:32:24.842811,0.86,1
2026-07-14 01:32:24.845822,0.953,1
2026-07-14 01:32:24.851395,3.5,1
2026-07-14 01:32:24.855354,1.72,1
2026-07-14 01:32:24.858383,1.05,1
2026-07-14 01:32:24.861018,0.897,1
2026-07-14 01:32:24.863411,0.822,1
2026-07-14 01:32:24.865949,0.814,1
2026-07-14 01:32:24.868429,0.86,1
2026-07-14 01:32:24.871413,1.25,1
2026-07-14 01:32:24.873980,0.82,1
2026-07-14 01:32:24.876912,1.28,1
2026-07-14 01:32:24.880128,1.42,1
2026-07-14 01:32:24.882747,0.819,1
2026-07-14 01:32:24.885668,1.41,1
2026-07-14 01:32:24.888431,1.13,1
2026-07-14 01:32:24.891206,1.12,1
2026-07-14 01:32:24.893575,0.771,1
2026-07-14 01:32:24.896329,0.945,1
2026-07-14 01:32:24.899554,1.64,1
2026-07-14 01:32:24.902046,0.839,1
2026-07-14 01:32:24.904906,1.1,1
2026-07-14 01:32:24.908112,1.37,1
2026-07-14 01:32:24.910751,0.773,1
2026-07-14 01:32:24.914451,2.02,1
2026-07-14 01:32:24.917100,0.878,1
2026-07-14 01:32:24.920145,1.23,1
2026-07-14 01:32:24.923180,0.796,1
2026-07-14 01:32:24.925767,0.815,1
2026-07-14 01:32:24.931834,4.06,1
2026-07-14 01:32:24.935769,1.03,1
2026-07-14 01:32:24.938418,1.01,1
2026-07-14 01:32:24.941169,0.854,1
2026-07-14 01:32:24.943829,0.941,1
2026-07-14 01:32:24.947910,2.27,1
2026-07-14 01:32:24.950934,0.834,1
2026-07-14 01:32:24.953405,0.811,1
2026-07-14 01:32:24.956099,1.13,1
2026-07-14 01:32:24.958691,0.761,1
2026-07-14 01:32:24.961597,1.12,1
2026-07-14 01:32:24.965029,1.54,1
2026-07-14 01:32:24.968407,1.17,1
2026-07-14 01:32:24.971129,0.953,1
2026-07-14 01:32:24.974366,1.4,1
2026-07-14 01:32:24.976979,0.874,1
2026-07-14 01:32:24.980828,2.02,1
2026-07-14 01:32:24.983871,0.832,1
2026-07-14 01:32:24.986618,0.87,1
2026-07-14 01:32:24.989328,0.984,1
2026-07-14 01:32:24.991864,0.832,1
2026-07-14 01:32:24.995485,1.89,1
2026-07-14 01:32:24.999114,1.62,1
2026-07-14 01:32:25.001696,0.819,1
2026-07-14 01:32:25.005323,2.0,1
2026-07-14 01:32:25.008779,1.53,1
2026-07-14 01:32:25.011605,0.921,1
2026-07-14 01:32:25.014177,0.876,1
2026-07-14 01:32:25.017015,1.05,1
2026-07-14 01:32:25.019551,0.859,1
2026-07-14 01:32:25.022986,1.49,1
2026-07-14 01:32:25.025744,0.862,1
2026-07-14 01:32:25.028618,1.08,1
2026-07-14 01:32:25.031183,0.841,1
2026-07-14 01:32:25.034081,1.11,1
2026-07-14 01:32:25.038444,2.6,1
2026-07-14 01:32:25.041254,0.829,1
2026-07-14 01:32:25.044046,1.12,1
2026-07-14 01:32:25.046733,0.887,1
2026-07-14 01:32:25.049674,1.17,1
2026-07-14 01:32:25.052465,0.923,1
2026-07-14 01:32:25.055009,0.812,1
2026-07-14 01:32:25.057585,0.875,1
2026-07-14 01:32:25.062130,2.61,1
2026-07-14 01:32:25.064812,0.846,1
2026-07-14 01:32:25.067489,0.826,1
2026-07-14 01:32:25.070309,0.949,1
2026-07-14 01:32:25.072616,0.776,1
2026-07-14 01:32:25.075747,1.54,1
2026-07-14 01:32:25.079010,1.07,1
2026-07-14 01:32:25.081732,1.24,1
2026-07-14 01:32:25.084412,0.834,1
2026-07-14 01:32:25.086906,0.827,1
2026-07-14 01:32:25.089296,0.737,1
2026-07-14 01:32:25.091717,0.748,1
2026-07-14 01:32:25.094365,0.934,1
2026-07-14 01:32:25.097254,1.07,1
2026-07-14 01:32:25.099915,0.925,1
2026-07-14 01:32:25.105425,3.46,1
2026-07-14 01:32:25.108370,0.727,1
2026-07-14 01:32:25.111810,1.59,1
2026-07-14 01:32:25.114632,0.995,1
2026-07-14 01:32:25.118796,2.1,1
2026-07-14 01:32:25.123474,2.65,1
2026-07-14 01:32:25.127744,2.4,1
2026-07-14 01:32:25.131248,1.57,1
2026-07-14 01:32:25.134616,1.26,1
2026-07-14 01:32:25.137327,0.898,1
2026-07-14 01:32:25.140199,1.29,1
2026-07-14 01:32:25.143527,1.57,1
2026-07-14 01:32:25.146514,1.29,1
2026-07-14 01:32:25.149804,1.53,1
2026-07-14 01:32:25.152783,0.83,1
2026-07-14 01:32:25.155479,0.885,1
2026-07-14 01:32:25.158567,1.33,1
2026-07-14 01:32:25.161157,0.821,1
2026-07-14 01:32:25.164181,1.34,1
2026-07-14 01:32:25.167165,1.23,1
2026-07-14 01:32:25.172024,3.09,1
2026-07-14 01:32:25.174950,0.984,1
2026-07-14 01:32:25.179597,2.8,1
2026-07-14 01:32:25.182393,0.892,1
2026-07-14 01:32:25.185149,0.966,1
2026-07-14 01:32:25.188445,1.45,1
2026-07-14 01:32:25.191128,0.771,1
2026-07-14 01:32:25.194525,1.43,1
2026-07-14 01:32:25.197074,0.951,1
2026-07-14 01:32:25.199988,1.09,1
2026-07-14 01:32:25.203119,0.92,1
2026-07-14 01:32:25.205774,0.884,1
2026-07-14 01:32:25.208531,0.831,1
2026-07-14 01:32:25.211969,1.67,1
2026-07-14 01:32:25.214582,0.833,1
2026-07-14 01:32:25.217460,1.2,1
2026-07-14 01:32:25.220483,0.916,1
2026-07-14 01:32:25.224465,1.81,1
2026-07-14 01:32:25.227468,1.22,1
2026-07-14 01:32:25.230831,1.6,1
2026-07-14 01:32:25.234475,1.67,1
2026-07-14 01:32:25.238858,1.8,1
2026-07-14 01:32:25.242768,1.8,1
2026-07-14 01:32:25.246496,1.82,1
2026-07-14 01:32:25.249557,1.22,1
2026-07-14 01:32:25.253927,2.19,1
2026-07-14 01:32:25.257976,2.23,1
2026-07-14 01:32:25.261848,1.59,1
2026-07-14 01:32:25.264730,0.91,1
2026-07-14 01:32:25.269988,3.35,1
2026-07-14 01:32:25.279572,7.32,1
2026-07-14 01:32:25.283883,1.86,1
2026-07-14 01:32:25.288831,2.59,1
2026-07-14 01:32:25.291963,0.842,1
2026-07-14 01:32:25.294823,1.08,1
2026-07-14 01:32:25.297609,0.951,1
2026-07-14 01:32:25.300380,0.838,1
2026-07-14 01:32:25.302997,0.991,1
2026-07-14 01:32:25.306075,1.05,1
2026-07-14 01:32:25.309112,1.25,1
2026-07-14 01:32:25.311981,1.1,1
2026-07-14 01:32:25.316255,2.28,1
2026-07-14 01:32:25.319273,1.07,1
2026-07-14 01:32:25.322382,1.38,1
2026-07-14 01:32:25.325108,0.869,1
2026-07-14 01:32:25.327863,0.848,1
2026-07-14 01:32:25.330458,0.798,1
2026-07-14 01:32:25.333028,0.885,1
2026-07-14 01:32:25.335567,1.01,1
2026-07-14 01:32:25.338288,0.966,1
2026-07-14 01:32:25.340955,0.852,1
2026-07-14 01:32:25.343831,1.16,1
2026-07-14 01:32:25.346560,0.924,1
2026-07-14 01:32:25.349170,0.889,1
2026-07-14 01:32:25.352226,1.39,1
2026-07-14 01:32:25.355081,1.19,1
2026-07-14 01:32:25.357822,0.86,1
2026-07-14 01:32:25.360366,0.917,1
2026-07-14 01:32:25.363806,1.57,1
2026-07-14 01:32:25.366850,1.03,1
2026-07-14 01:32:25.369427,0.863,1
2026-07-14 01:32:25.371999,0.819,1
2026-07-14 01:32:25.374539,0.748,1
2026-07-14 01:32:25.377181,1.0,1
2026-07-14 01:32:25.380213,1.32,1
2026-07-14 01:32:25.382708,0.848,1
2026-07-14 01:32:25.385390,0.868,1
2026-07-14 01:32:25.387810,0.802,1
2026-07-14 01:32:25.390642,1.23,1
2026-07-14 01:32:25.393543,1.2,1
2026-07-14 01:32:25.396238,0.923,1
2026-07-14 01:32:25.398796,0.873,1
2026-07-14 01:32:25.402484,1.73,1
2026-07-14 01:32:25.405425,0.887,1
2026-07-14 01:32:25.408036,0.861,1
2026-07-14 01:32:25.411191,1.41,1
2026-07-14 01:32:25.415276,1.99,1
2026-07-14 01:32:25.417985,0.898,1
2026-07-14 01:32:25.420592,0.859,1
2026-07-14 01:32:25.424188,1.19,1
2026-07-14 01:32:25.426934,1.27,1
2026-07-14 01:32:25.429485,0.745,1
2026-07-14 01:32:25.432039,0.809,1
2026-07-14 01:32:25.434775,0.834,1
2026-07-14 01:32:25.437801,0.864,1
2026-07-14 01:32:25.440744,0.908,1
2026-07-14 01:32:25.443461,0.831,1
2026-07-14 01:32:25.446006,0.839,1
2026-07-14 01:32:25.448961,1.25,1
2026-07-14 01:32:25.451929,1.22,1
2026-07-14 01:32:25.455024,1.19,1
2026-07-14 01:32:25.457911,0.823,1
2026-07-14 01:32:25.460371,0.874,1
2026-07-14 01:32:25.463027,0.911,1
2026-07-14 01:32:25.465720,0.828,1
2026-07-14 01:32:25.468418,1.02,1
2026-07-14 01:32:25.470916,0.845,1
2026-07-14 01:32:25.473739,1.25,1
2026-07-14 01:32:25.476584,0.965,1
2026-07-14 01:32:25.479161,0.851,1
2026-07-14 01:32:25.481632,0.95,1
2026-07-14 01:32:25.484120,0.828,1
2026-07-14 01:32:25.486799,0.951,1
2026-07-14 01:32:25.489486,1.08,1
2026-07-14 01:32:25.492043,0.804,1
2026-07-14 01:32:25.495400,1.59,1
2026-07-14 01:32:25.498027,1.1,1
2026-07-14 01:32:25.500859,1.26,1
2026-07-14 01:32:25.503476,0.886,1
2026-07-14 01:32:25.506411,1.2,1
2026-07-14 01:32:25.508944,0.875,1
2026-07-14 01:32:25.514269,3.46,1
2026-07-14 01:32:25.517363,0.856,1
2026-07-14 01:32:25.520047,0.923,1
2026-07-14 01:32:25.522526,0.835,1
2026-07-14 01:32:25.524873,0.83,1
2026-07-14 01:32:25.527628,0.923,1
2026-07-14 01:32:25.530370,0.993,1
2026-07-14 01:32:25.543426,11.1,1
2026-07-14 01:32:25.546350,1.12,1
2026-07-14 01:32:25.549646,1.52,1
2026-07-14 01:32:25.553455,1.6,1
2026-07-14 01:32:25.556331,1.01,1
2026-07-14 01:32:25.559408,1.25,1
2026-07-14 01:32:25.562047,1.09,1
2026-07-14 01:32:25.564784,1.02,1
2026-07-14 01:32:25.567344,0.9,1
2026-07-14 01:32:25.569953,0.871,1
2026-07-14 01:32:25.572480,0.837,1
2026-07-14 01:32:25.575035,0.84,1
2026-07-14 01:32:25.577408,0.844,1
2026-07-14 01:32:25.580469,1.2,1
2026-07-14 01:32:25.583056,0.877,1
2026-07-14 01:32:25.585685,0.853,1
2026-07-14 01:32:25.588455,0.798,1
2026-07-14 01:32:25.591105,0.892,1
2026-07-14 01:32:25.594032,1.08,1
2026-07-14 01:32:25.596832,0.951,1
2026-07-14 01:32:25.600136,1.32,1
2026-07-14 01:32:25.603221,0.936,1
2026-07-14 01:32:25.605810,0.804,1
2026-07-14 01:32:25.608621,0.956,1
2026-07-14 01:32:25.611138,0.802,1
2026-07-14 01:32:25.614476,1.6,1
2026-07-14 01:32:25.617111,0.855,1
2026-07-14 01:32:25.619833,0.88,1
2026-07-14 01:32:25.622651,0.815,1
2026-07-14 01:32:25.625340,0.89,1
2026-07-14 01:32:25.628753,1.68,1
2026-07-14 01:32:25.631424,0.771,1
2026-07-14 01:32:25.634053,0.827,1
2026-07-14 01:32:25.637885,1.88,1
2026-07-14 01:32:25.640481,0.803,1
2026-07-14 01:32:25.642954,0.705,1
2026-07-14 01:32:25.645535,0.853,1
2026-07-14 01:32:25.648117,0.843,1
2026-07-14 01:32:25.651174,1.18,1
2026-07-14 01:32:25.653694,0.95,1
2026-07-14 01:32:25.656811,1.48,1
2026-07-14 01:32:25.660231,1.51,1
2026-07-14 01:32:25.662969,0.816,1
2026-07-14 01:32:25.665490,0.882,1
2026-07-14 01:32:25.668650,1.46,1
2026-07-14 01:32:25.671637,1.31,1
2026-07-14 01:32:25.674271,0.792,1
2026-07-14 01:32:25.678222,2.07,1
2026-07-14 01:32:25.681173,0.91,1
2026-07-14 01:32:25.683516,0.814,1
2026-07-14 01:32:25.686029,0.736,1
2026-07-14 01:32:25.688538,0.818,1
2026-07-14 01:32:25.691479,1.14,1
2026-07-14 01:32:25.694310,0.871,1
2026-07-14 01:32:25.697518,1.44,1
2026-07-14 01:32:25.700297,0.861,1
2026-07-14 01:32:25.704039,1.87,1
2026-07-14 01:32:25.708320,2.01,1
2026-07-14 01:32:25.711408,1.27,1
2026-07-14 01:32:25.715948,2.61,1
2026-07-14 01:32:25.718826,1.08,1
2026-07-14 01:32:25.722767,2.14,1
2026-07-14 01:32:25.725533,0.984,1
2026-07-14 01:32:25.728531,1.26,1
2026-07-14 01:32:25.731448,1.27,1
2026-07-14 01:32:25.734953,1.73,1
2026-07-14 01:32:25.738511,1.88,1
2026-07-14 01:32:25.742709,2.24,1
2026-07-14 01:32:25.745891,1.31,1
2026-07-14 01:32:25.748877,0.992,1
2026-07-14 01:32:25.753032,1.85,1
2026-07-14 01:32:25.757103,2.39,1
2026-07-14 01:32:25.760155,1.27,1
2026-07-14 01:32:25.762650,0.825,1
2026-07-14 01:32:25.765190,0.831,1
2026-07-14 01:32:25.769356,2.21,1
2026-07-14 01:32:25.772641,1.25,1
2026-07-14 01:32:25.775121,0.8,1
2026-07-14 01:32:25.777891,1.17,1
2026-07-14 01:32:25.780555,0.801,1
2026-07-14 01:32:25.783395,1.09,1
2026-07-14 01:32:25.786070,0.894,1
2026-07-14 01:32:25.788625,0.816,1
2026-07-14 01:32:25.791029,0.786,1
2026-07-14 01:32:25.793592,0.848,1
2026-07-14 01:32:25.796263,0.803,1
2026-07-14 01:32:25.799010,0.955,1
2026-07-14 01:32:25.801854,1.31,1
2026-07-14 01:32:25.804814,1.14,1
2026-07-14 01:32:25.807520,1.12,1
2026-07-14 01:32:25.811759,2.6,1
2026-07-14 01:32:25.815255,1.77,1
2026-07-14 01:32:25.818398,0.84,1
2026-07-14 01:32:25.821046,0.867,1
2026-07-14 01:32:25.824673,1.48,1
2026-07-14 01:32:25.828348,1.92,1
2026-07-14 01:32:25.831503,1.17,1
2026-07-14 01:32:25.834108,0.895,1
2026-07-14 01:32:25.837081,1.25,1
2026-07-14 01:32:25.839686,0.798,1
2026-07-14 01:32:25.842182,0.783,1
2026-07-14 01:32:25.847691,3.53,1
2026-07-14 01:32:25.852351,2.08,1
2026-07-14 01:32:25.854853,0.852,1
2026-07-14 01:32:25.857564,0.784,1
2026-07-14 01:32:25.860966,1.66,1
2026-07-14 01:32:25.863479,0.812,1
2026-07-14 01:32:25.866015,0.963,1
2026-07-14 01:32:25.868669,0.875,1
2026-07-14 01:32:25.871837,1.42,1
2026-07-14 01:32:25.874554,0.782,1
2026-07-14 01:32:25.877698,1.33,1
2026-07-14 01:32:25.880456,1.06,1
2026-07-14 01:32:25.882903,0.827,1
2026-07-14 01:32:25.885743,0.9,1
2026-07-14 01:32:25.888461,0.796,1
2026-07-14 01:32:25.890875,0.783,1
2026-07-14 01:32:25.893424,0.697,1
2026-07-14 01:32:25.895931,0.819,1
2026-07-14 01:32:25.898465,0.743,1
2026-07-14 01:32:25.901043,0.793,1
2026-07-14 01:32:25.903563,0.783,1
2026-07-14 01:32:25.906113,0.805,1
2026-07-14 01:32:25.908513,0.82,1
2026-07-14 01:32:25.911213,0.862,1
2026-07-14 01:32:25.913860,1.01,1
2026-07-14 01:32:25.916445,0.788,1
2026-07-14 01:32:25.918976,0.874,1
2026-07-14 01:32:25.922423,1.73,1
2026-07-14 01:32:25.925691,0.82,1
2026-07-14 01:32:25.928218,0.77,1
2026-07-14 01:32:25.930792,0.868,1
2026-07-14 01:32:25.933465,0.837,1
2026-07-14 01:32:25.935942,0.835,1
2026-07-14 01:32:25.938595,0.896,1
2026-07-14 01:32:25.941204,0.824,1
2026-07-14 01:32:25.944062,1.11,1
2026-07-14 01:32:25.946698,0.866,1
2026-07-14 01:32:25.949598,0.812,1
2026-07-14 01:32:25.952331,1.13,1
2026-07-14 01:32:25.954880,0.811,1
2026-07-14 01:32:25.957611,0.982,1
2026-07-14 01:32:25.960077,0.765,1
2026-07-14 01:32:25.962648,0.822,1
2026-07-14 01:32:25.965331,1.03,1
2026-07-14 01:32:25.968300,0.878,1
2026-07-14 01:32:25.970900,0.845,1
2026-07-14 01:32:25.973485,0.802,1
2026-07-14 01:32:25.975807,0.757,1
2026-07-14 01:32:25.978370,0.816,1
2026-07-14 01:32:25.980887,0.819,1
2026-07-14 01:32:25.984158,1.77,1
2026-07-14 01:32:25.986806,0.818,1
2026-07-14 01:32:25.989509,0.807,1
2026-07-14 01:32:25.992118,0.781,1
2026-07-14 01:32:25.994657,0.789,1
2026-07-14 01:32:25.997366,0.749,1
2026-07-14 01:32:25.999885,0.78,1
2026-07-14 01:32:26.002626,0.841,1
2026-07-14 01:32:26.005173,0.897,1
2026-07-14 01:32:26.007669,0.794,1
2026-07-14 01:32:26.010108,0.759,1
2026-07-14 01:32:26.012573,0.824,1
2026-07-14 01:32:26.016156,1.55,1
2026-07-14 01:32:26.020499,1.97,1
2026-07-14 01:32:26.024619,2.43,1
2026-07-14 01:32:26.027158,0.831,1
2026-07-14 01:32:26.029740,0.791,1
2026-07-14 01:32:26.032113,0.811,1
2026-07-14 01:32:26.034699,0.794,1
2026-07-14 01:32:26.037325,0.979,1
2026-07-14 01:32:26.040565,1.13,1
2026-07-14 01:32:26.043073,0.792,1
2026-07-14 01:32:26.046037,1.15,1
2026-07-14 01:32:26.048635,0.849,1
2026-07-14 01:32:26.051283,1.03,1
2026-07-14 01:32:26.054639,1.2,1
2026-07-14 01:32:26.057245,0.763,1
2026-07-14 01:32:26.059784,0.837,1
2026-07-14 01:32:26.062215,0.81,1
2026-07-14 01:32:26.065140,1.26,1
2026-07-14 01:32:26.067524,0.892,1
2026-07-14 01:32:26.069982,0.821,1
2026-07-14 01:32:26.072538,0.725,1
2026-07-14 01:32:26.075002,0.758,1
2026-07-14 01:32:26.077451,0.757,1
2026-07-14 01:32:26.079972,0.785,1
2026-07-14 01:32:26.083849,1.93,1
2026-07-14 01:32:26.086209,0.792,1
2026-07-14 01:32:26.088833,0.928,1
2026-07-14 01:32:26.091444,0.787,1
2026-07-14 01:32:26.093951,0.904,1
2026-07-14 01:32:26.096352,0.857,1
2026-07-14 01:32:26.099223,1.18,1
2026-07-14 01:32:26.101701,0.794,1
2026-07-14 01:32:26.104117,0.832,1
2026-07-14 01:32:26.106575,0.791,1
2026-07-14 01:32:26.109114,0.764,1
2026-07-14 01:32:26.111557,0.79,1
2026-07-14 01:32:26.114123,0.809,1
2026-07-14 01:32:26.116710,0.816,1
2026-07-14 01:32:26.119189,0.832,1
2026-07-14 01:32:26.121414,0.766,1
2026-07-14 01:32:26.123898,0.787,1
2026-07-14 01:32:26.126907,1.41,1
2026-07-14 01:32:26.129544,0.806,1
2026-07-14 01:32:26.132008,0.816,1
2026-07-14 01:32:26.134381,0.694,1
2026-07-14 01:32:26.136842,0.796,1
2026-07-14 01:32:26.139282,0.791,1
2026-07-14 01:32:26.141844,0.805,1
2026-07-14 01:32:26.144327,0.929,1
2026-07-14 01:32:26.146919,0.822,1
2026-07-14 01:32:26.149506,0.778,1
2026-07-14 01:32:26.152039,0.788,1
2026-07-14 01:32:26.154631,0.903,1
2026-07-14 01:32:26.157148,0.838,1
2026-07-14 01:32:26.159738,0.832,1
2026-07-14 01:32:26.162358,0.762,1
2026-07-14 01:32:26.164811,0.83,1
2026-07-14 01:32:26.167753,0.837,1
2026-07-14 01:32:26.170170,0.769,1
2026-07-14 01:32:26.172734,0.766,1
2026-07-14 01:32:26.175285,0.825,1
2026-07-14 01:32:26.177877,0.871,1
2026-07-14 01:32:26.180517,0.882,1
2026-07-14 01:32:26.182970,0.781,1
2026-07-14 01:32:26.185374,0.852,1
2026-07-14 01:32:26.188814,1.74,1
2026-07-14 01:32:26.192905,1.57,1
2026-07-14 01:32:26.196102,1.51,1
2026-07-14 01:32:26.199755,1.95,1
2026-07-14 01:32:26.203525,1.56,1
2026-07-14 01:32:26.207287,2.0,1
2026-07-14 01:32:26.210511,1.55,1
2026-07-14 01:32:26.213879,1.63,1
2026-07-14 01:32:26.216803,0.869,1
2026-07-14 01:32:26.219464,0.879,1
2026-07-14 01:32:26.222117,0.858,1
2026-07-14 01:32:26.224696,0.775,1
2026-07-14 01:32:26.227012,0.801,1
2026-07-14 01:32:26.229499,0.858,1
2026-07-14 01:32:26.232142,1.02,1
2026-07-14 01:32:26.234968,0.846,1
2026-07-14 01:32:26.237507,0.772,1
2026-07-14 01:32:26.239960,0.802,1
2026-07-14 01:32:26.242368,0.813,1
2026-07-14 01:32:26.245009,0.909,1
2026-07-14 01:32:26.247561,0.802,1
2026-07-14 01:32:26.250706,1.36,1
2026-07-14 01:32:26.253981,0.846,1
2026-07-14 01:32:26.256553,0.87,1
2026-07-14 01:32:26.259417,1.15,1
2026-07-14 01:32:26.261988,1.01,1
2026-07-14 01:32:26.264562,0.83,1
2026-07-14 01:32:26.267046,0.823,1
2026-07-14 01:32:26.269540,0.848,1
2026-07-14 01:32:26.272114,0.819,1
2026-07-14 01:32:26.274729,0.807,1
2026-07-14 01:32:26.277328,0.808,1
2026-07-14 01:32:26.279905,0.853,1
2026-07-14 01:32:26.283468,1.64,1
2026-07-14 01:32:26.286506,0.984,1
2026-07-14 01:32:26.289870,1.64,1
2026-07-14 01:32:26.292811,1.27,1
2026-07-14 01:32:26.295384,0.859,1
2026-07-14 01:32:26.298571,1.5,1
2026-07-14 01:32:26.301371,1.03,1
2026-07-14 01:32:26.303970,0.831,1
2026-07-14 01:32:26.306553,0.918,1
2026-07-14 01:32:26.309045,0.778,1
2026-07-14 01:32:26.311630,0.797,1
2026-07-14 01:32:26.314556,1.25,1
2026-07-14 01:32:26.317105,0.804,1
2026-07-14 01:32:26.319685,0.849,1
2026-07-14 01:32:26.322117,0.805,1
2026-07-14 01:32:26.324755,0.842,1
2026-07-14 01:32:26.327457,0.898,1
2026-07-14 01:32:26.329831,0.84,1
2026-07-14 01:32:26.332351,0.832,1
2026-07-14 01:32:26.334912,1.02,1
2026-07-14 01:32:26.337590,0.88,1
2026-07-14 01:32:26.340291,0.957,1
2026-07-14 01:32:26.342812,0.842,1
2026-07-14 01:32:26.345301,0.744,1
2026-07-14 01:32:26.347844,0.829,1
2026-07-14 01:32:26.350474,0.975,1
2026-07-14 01:32:26.353104,0.852,1
2026-07-14 01:32:26.355632,0.848,1
2026-07-14 01:32:26.358185,0.743,1
2026-07-14 01:32:26.361772,1.92,1
2026-07-14 01:32:26.364442,0.85,1
2026-07-14 01:32:26.367680,1.49,1
2026-07-14 01:32:26.370002,0.815,1
2026-07-14 01:32:26.372520,0.833,1
2026-07-14 01:32:26.375125,0.841,1
2026-07-14 01:32:26.377549,0.812,1
2026-07-14 01:32:26.380271,0.87,1
2026-07-14 01:32:26.382767,0.857,1
2026-07-14 01:32:26.385368,0.888,1
2026-07-14 01:32:26.387752,0.824,1
2026-07-14 01:32:26.390346,0.999,1
2026-07-14 01:32:26.392831,0.786,1
2026-07-14 01:32:26.395518,0.824,1
2026-07-14 01:32:26.397929,0.807,1
2026-07-14 01:32:26.400197,0.832,1
2026-07-14 01:32:26.402776,0.848,1
2026-07-14 01:32:26.405570,0.956,1
2026-07-14 01:32:26.408203,0.83,1
2026-07-14 01:32:26.410530,0.804,1
2026-07-14 01:32:26.413113,0.998,1
2026-07-14 01:32:26.415475,0.829,1
2026-07-14 01:32:26.417823,0.79,1
2026-07-14 01:32:26.420227,0.892,1
2026-07-14 01:32:26.423369,1.42,1
2026-07-14 01:32:26.426019,0.851,1
2026-07-14 01:32:26.428926,1.16,1
2026-07-14 01:32:26.431492,0.868,1
2026-07-14 01:32:26.434347,1.21,1
2026-07-14 01:32:26.437055,1.21,1
2026-07-14 01:32:26.440529,1.24,1
2026-07-14 01:32:26.442926,0.813,1
2026-07-14 01:32:26.445367,0.823,1
2026-07-14 01:32:26.448116,1.22,1
2026-07-14 01:32:26.451385,0.824,1
2026-07-14 01:32:26.453797,0.787,1
2026-07-14 01:32:26.456146,0.801,1
2026-07-14 01:32:26.458863,0.878,1
2026-07-14 01:32:26.461166,0.798,1
2026-07-14 01:32:26.464656,1.61,1
2026-07-14 01:32:26.467151,0.81,1
2026-07-14 01:32:26.469677,0.801,1
2026-07-14 01:32:26.472422,0.825,1
2026-07-14 01:32:26.476015,1.85,1
2026-07-14 01:32:26.478417,0.823,1
2026-07-14 01:32:26.480947,0.819,1
2026-07-14 01:32:26.483623,0.821,1
2026-07-14 01:32:26.486704,1.26,1
2026-07-14 01:32:26.489746,1.25,1
2026-07-14 01:32:26.492279,0.894,1
2026-07-14 01:32:26.494802,0.789,1
2026-07-14 01:32:26.497335,0.783,1
2026-07-14 01:32:26.500303,1.31,1
2026-07-14 01:32:26.502678,0.769,1
2026-07-14 01:32:26.504893,0.749,1
2026-07-14 01:32:26.507603,1.03,1
2026-07-14 01:32:26.510127,0.72,1
2026-07-14 01:32:26.512651,0.839,1
2026-07-14 01:32:26.515288,0.914,1
2026-07-14 01:32:26.517739,0.785,1
2026-07-14 01:32:26.521621,1.86,1
2026-07-14 01:32:26.524355,0.822,1
2026-07-14 01:32:26.526769,0.777,1
2026-07-14 01:32:26.529435,0.932,1
2026-07-14 01:32:26.532104,0.807,1
2026-07-14 01:32:26.534585,0.841,1
2026-07-14 01:32:26.537464,1.07,1
2026-07-14 01:32:26.540686,1.47,1
2026-07-14 01:32:26.544337,1.91,1
2026-07-14 01:32:26.548392,1.99,1
2026-07-14 01:32:26.551999,1.74,1
2026-07-14 01:32:26.555604,1.48,1
2026-07-14 01:32:26.559823,1.75,1
2026-07-14 01:32:26.563113,1.71,1
2026-07-14 01:32:26.567343,2.11,1
2026-07-14 01:32:26.570853,1.18,1
2026-07-14 01:32:26.574397,1.38,1
2026-07-14 01:32:26.577413,1.34,1
2026-07-14 01:32:26.581237,1.77,1
2026-07-14 01:32:26.584736,1.55,1
2026-07-14 01:32:26.587795,0.879,1
2026-07-14 01:32:26.590719,1.11,1
2026-07-14 01:32:26.593252,0.811,1
2026-07-14 01:32:26.596010,1.2,1
2026-07-14 01:32:26.600945,3.08,1
2026-07-14 01:32:26.603813,0.823,1
2026-07-14 01:32:26.606791,1.07,1
2026-07-14 01:32:26.609407,0.803,1
2026-07-14 01:32:26.612002,0.843,1
2026-07-14 01:32:26.614586,0.811,1
2026-07-14 01:32:26.617499,1.42,1
2026-07-14 01:32:26.620530,0.879,1
2026-07-14 01:32:26.622922,0.772,1
2026-07-14 01:32:26.625927,1.19,1
2026-07-14 01:32:26.628524,0.779,1
2026-07-14 01:32:26.631171,1.03,1
2026-07-14 01:32:26.633469,0.786,1
2026-07-14 01:32:26.635920,0.806,1
2026-07-14 01:32:26.638889,1.27,1
2026-07-14 01:32:26.641823,1.21,1
2026-07-14 01:32:26.644362,0.837,1
2026-07-14 01:32:26.646660,0.801,1
2026-07-14 01:32:26.649857,1.16,1
2026-07-14 01:32:26.652735,0.789,1
2026-07-14 01:32:26.655330,0.817,1
2026-07-14 01:32:26.657941,0.827,1
2026-07-14 01:32:26.660550,0.778,1
2026-07-14 01:32:26.663264,0.921,1
2026-07-14 01:32:26.665518,0.806,1
2026-07-14 01:32:26.668519,1.34,1
2026-07-14 01:32:26.671258,1.09,1
2026-07-14 01:32:26.674528,1.64,1
2026-07-14 01:32:26.677103,0.856,1
2026-07-14 01:32:26.679918,1.06,1
2026-07-14 01:32:26.682106,0.782,1
2026-07-14 01:32:26.684583,0.854,1
2026-07-14 01:32:26.687116,0.942,1
2026-07-14 01:32:26.689926,1.06,1
2026-07-14 01:32:26.692505,0.834,1
2026-07-14 01:32:26.695039,0.807,1
2026-07-14 01:32:26.697432,0.76,1
2026-07-14 01:32:26.700248,0.867,1
2026-07-14 01:32:26.702714,0.78,1
2026-07-14 01:32:26.705364,0.853,1
2026-07-14 01:32:26.708286,1.16,1
2026-07-14 01:32:26.710503,0.734,1
2026-07-14 01:32:26.713062,0.821,1
2026-07-14 01:32:26.715639,0.814,1
2026-07-14 01:32:26.718324,0.988,1
2026-07-14 01:32:26.720866,0.829,1
2026-07-14 01:32:26.723293,0.836,1
2026-07-14 01:32:26.725806,0.888,1
2026-07-14 01:32:26.728244,0.816,1
2026-07-14 01:32:26.730857,0.806,1
2026-07-14 01:32:26.733346,0.843,1
2026-07-14 01:32:26.735831,0.74,1
2026-07-14 01:32:26.738461,0.844,1
2026-07-14 01:32:26.741163,0.875,1
2026-07-14 01:32:26.743708,0.861,1
2026-07-14 01:32:26.746262,0.9,1
2026-07-14 01:32:26.748571,0.784,1
2026-07-14 01:32:26.751069,0.814,1
2026-07-14 01:32:26.753729,0.805,1
2026-07-14 01:32:26.756254,0.813,1
2026-07-14 01:32:26.758754,0.89,1
2026-07-14 01:32:26.761218,0.801,1
2026-07-14 01:32:26.763758,0.846,1
2026-07-14 01:32:26.766300,0.812,1
2026-07-14 01:32:26.768706,0.788,1
2026-07-14 01:32:26.777318,6.97,1
2026-07-14 01:32:26.779931,0.808,1
2026-07-14 01:32:26.782391,0.849,1
2026-07-14 01:32:26.784875,0.721,1
2026-07-14 01:32:26.787382,0.831,1
2026-07-14 01:32:26.789911,0.834,1
2026-07-14 01:32:26.792373,0.813,1
2026-07-14 01:32:26.795008,0.787,1
2026-07-14 01:32:26.797904,1.35,1
2026-07-14 01:32:26.800706,1.07,1
2026-07-14 01:32:26.803803,0.85,1
2026-07-14 01:32:26.806328,0.822,1
2026-07-14 01:32:26.808970,0.745,1
2026-07-14 01:32:26.811338,0.787,1
2026-07-14 01:32:26.813905,0.828,1
2026-07-14 01:32:26.816392,0.794,1
2026-07-14 01:32:26.818985,0.902,1
2026-07-14 01:32:26.821561,0.841,1
2026-07-14 01:32:26.824057,0.773,1
2026-07-14 01:32:26.827716,1.88,1
2026-07-14 01:32:26.830393,0.86,1
2026-07-14 01:32:26.832973,0.85,1
2026-07-14 01:32:26.835461,0.833,1
2026-07-14 01:32:26.837994,0.889,1
2026-07-14 01:32:26.840501,0.797,1
2026-07-14 01:32:26.843225,1.1,1
2026-07-14 01:32:26.846028,0.882,1
2026-07-14 01:32:26.848470,0.813,1
2026-07-14 01:32:26.850947,0.819,1
2026-07-14 01:32:26.853508,0.845,1
